<?xml version="1.0" encoding="UTF-8"?>
<project-private xmlns="http://www.netbeans.org/ns/project-private/1">
    <editor-bookmarks xmlns="http://www.netbeans.org/ns/editor-bookmarks/2" lastBookmarkId="0"/>
    <open-files xmlns="http://www.netbeans.org/ns/projectui-open-files/2">
        <group>
            <file>file:/C:/Users/xirax/OneDrive/Documentos/NetBeansProjects/TAP_U1_P4/src/V3.java</file>
            <file>file:/C:/Users/xirax/OneDrive/Documentos/NetBeansProjects/TAP_U1_P4/src/V2.java</file>
            <file>file:/C:/Users/xirax/OneDrive/Documentos/NetBeansProjects/TAP_U1_P4/src/VentanaPrincipall.java</file>
        </group>
    </open-files>
</project-private>
